{"cameraMode":{"drawMode":0,"name":"Shaded","section":"Shading Mode"},"sceneLighting":false,"audioPlay":false,"sceneViewState":{"showFog":true,"showMaterialUpdate":false,"showSkybox":false,"showFlares":true,"showImageEffects":true,"showParticleSystems":true},"in2DMode":false,"pivot":{"x":7.812891960144043,"y":10.890215873718262,"z":-16.922571182250978},"rotation":{"x":0.45105987787246706,"y":-0.11060668528079987,"z":0.0564487986266613,"w":0.8838126063346863},"size":0.4286833107471466,"orthographic":false}